order_id,Total_Bill
1,5350.0
2,40665.45599999999
3,54075.3464
4,28717.23
5,11200.384799999998
6,47784.513699999996
7,19317.14
8,221813.442
9,67182.5464
10,219329.234
