order_id,Total_Bill
19,219329.234
20,47784.513699999996
21,11200.384799999998
22,40665.45599999999
23,54075.3464
24,222065.266
25,28717.23
26,224915.2305
27,19317.14
28,115576.87
29,221813.442
30,67182.5464
